INSERT INTO identity_access.tenant
    (id, code, display_name, status, created_at, created_by, updated_at, updated_by, version)
VALUES
    ('10000000-0000-4000-8000-000000000001', 'north-cellars', 'North Cellars', 'ACTIVE',
     '2026-07-13T00:00:00Z', 'demo-seed', '2026-07-13T00:00:00Z', 'demo-seed', 0),
    ('20000000-0000-4000-8000-000000000001', 'harbor-cellars', 'Harbor Cellars', 'ACTIVE',
     '2026-07-13T00:00:00Z', 'demo-seed', '2026-07-13T00:00:00Z', 'demo-seed', 0)
ON CONFLICT DO NOTHING;

INSERT INTO identity_access.role_template
    (tenant_id, code, display_name, permission_codes,
     created_at, created_by, updated_at, updated_by, version)
VALUES
    ('10000000-0000-4000-8000-000000000001', 'sales-representative', 'Sales Representative',
     ARRAY['partner:read', 'partner:create', 'partner:submit', 'catalog:read', 'inventory:read',
           'quotation:read', 'quotation:create', 'quotation:submit', 'quotation:issue',
           'order:read', 'reporting:read']::varchar[],
     '2026-07-13T00:00:00Z', 'demo-seed', '2026-07-13T00:00:00Z', 'demo-seed', 0),
    ('10000000-0000-4000-8000-000000000001', 'customer-buyer', 'Customer Buyer',
     ARRAY['catalog:read', 'quotation:read', 'order:read']::varchar[],
     '2026-07-13T00:00:00Z', 'demo-seed', '2026-07-13T00:00:00Z', 'demo-seed', 0),
    ('10000000-0000-4000-8000-000000000001', 'sales-manager', 'Sales Manager',
     ARRAY['partner:read', 'partner:create', 'partner:submit', 'partner:review',
           'catalog:read', 'inventory:read', 'quotation:read', 'quotation:create', 'quotation:submit',
           'quotation:approve', 'quotation:issue', 'quotation:read-commercial-sensitive',
           'order:read', 'order:cancel', 'reporting:read', 'audit:read']::varchar[],
     '2026-07-13T00:00:00Z', 'demo-seed', '2026-07-13T00:00:00Z', 'demo-seed', 0),
    ('10000000-0000-4000-8000-000000000001', 'tenant-administrator', 'Tenant Administrator',
     ARRAY['partner:read', 'partner:create', 'partner:submit', 'partner:review',
           'catalog:read', 'catalog:maintain', 'inventory:read', 'inventory:read-exact',
           'inventory:reserve', 'inventory:adjust', 'quotation:read', 'quotation:create',
           'quotation:submit', 'quotation:approve', 'quotation:issue',
           'quotation:read-commercial-sensitive', 'order:read', 'order:cancel',
           'fulfillment:read', 'fulfillment:operate',
           'exception:read', 'exception:assign', 'exception:recover',
           'reporting:read', 'audit:read', 'administration:manage-access']::varchar[],
     '2026-07-13T00:00:00Z', 'demo-seed', '2026-07-13T00:00:00Z', 'demo-seed', 0),
    ('10000000-0000-4000-8000-000000000001', 'trade-operator', 'Trade Operator',
     ARRAY['catalog:read', 'inventory:read', 'inventory:read-exact',
           'order:read', 'fulfillment:read', 'fulfillment:operate',
           'exception:read', 'exception:assign', 'exception:recover']::varchar[],
     '2026-07-13T00:00:00Z', 'demo-seed', '2026-07-13T00:00:00Z', 'demo-seed', 0),
    ('10000000-0000-4000-8000-000000000001', 'warehouse-operator', 'Warehouse Operator',
     ARRAY['catalog:read', 'inventory:read', 'inventory:read-exact', 'inventory:reserve',
           'inventory:adjust', 'order:read', 'fulfillment:read', 'fulfillment:operate']::varchar[],
     '2026-07-13T00:00:00Z', 'demo-seed', '2026-07-13T00:00:00Z', 'demo-seed', 0),
    ('10000000-0000-4000-8000-000000000001', 'system-operator', 'System Operator',
     ARRAY['exception:read', 'exception:recover',
           'event-publication:read', 'event-publication:replay',
           'audit:read']::varchar[],
     '2026-07-13T00:00:00Z', 'demo-seed', '2026-07-13T00:00:00Z', 'demo-seed', 0),
    ('20000000-0000-4000-8000-000000000001', 'sales-manager', 'Sales Manager',
     ARRAY['partner:read', 'partner:create', 'partner:submit', 'partner:review',
           'catalog:read', 'inventory:read', 'quotation:read', 'quotation:create', 'quotation:submit',
           'quotation:approve', 'quotation:issue', 'quotation:read-commercial-sensitive',
           'order:read', 'order:cancel', 'reporting:read', 'audit:read']::varchar[],
     '2026-07-13T00:00:00Z', 'demo-seed', '2026-07-13T00:00:00Z', 'demo-seed', 0)
ON CONFLICT (tenant_id, code) DO UPDATE
SET display_name = EXCLUDED.display_name,
    permission_codes = EXCLUDED.permission_codes,
    updated_at = EXCLUDED.updated_at,
    updated_by = EXCLUDED.updated_by,
    version = identity_access.role_template.version + 1;

INSERT INTO identity_access.user_mapping
    (id, user_id, tenant_id, issuer, external_subject, username, display_name, status, partner_id,
     created_at, created_by, updated_at, updated_by, version)
VALUES
    ('11100000-0000-4000-8000-000000000001', '11200000-0000-4000-8000-000000000001',
     '10000000-0000-4000-8000-000000000001', 'http://localhost:8081/realms/cellarbridge',
     '11000000-0000-4000-8000-000000000001', 'north.sales', 'North Sales', 'ACTIVE', NULL,
     '2026-07-13T00:00:00Z', 'demo-seed', '2026-07-13T00:00:00Z', 'demo-seed', 0),
    ('11100000-0000-4000-8000-000000000002', '11200000-0000-4000-8000-000000000002',
     '10000000-0000-4000-8000-000000000001', 'http://localhost:8081/realms/cellarbridge',
     '11000000-0000-4000-8000-000000000002', 'north.buyer', 'North Buyer', 'ACTIVE',
     '53000000-0000-4000-8000-000000000001',
     '2026-07-13T00:00:00Z', 'demo-seed', '2026-07-13T00:00:00Z', 'demo-seed', 0),
    ('11100000-0000-4000-8000-000000000003', '11200000-0000-4000-8000-000000000003',
     '10000000-0000-4000-8000-000000000001', 'http://localhost:8081/realms/cellarbridge',
     '11000000-0000-4000-8000-000000000003', 'north.manager', 'North Manager', 'ACTIVE', NULL,
     '2026-07-13T00:00:00Z', 'demo-seed', '2026-07-13T00:00:00Z', 'demo-seed', 0),
    ('11100000-0000-4000-8000-000000000004', '11200000-0000-4000-8000-000000000004',
     '10000000-0000-4000-8000-000000000001', 'http://localhost:8081/realms/cellarbridge',
     '11000000-0000-4000-8000-000000000004', 'north.admin', 'North Administrator', 'ACTIVE', NULL,
     '2026-07-13T00:00:00Z', 'demo-seed', '2026-07-13T00:00:00Z', 'demo-seed', 0),
    ('11100000-0000-4000-8000-000000000005', '11200000-0000-4000-8000-000000000005',
     '10000000-0000-4000-8000-000000000001', 'http://localhost:8081/realms/cellarbridge',
     '11000000-0000-4000-8000-000000000005', 'north.trade', 'North Trade', 'ACTIVE', NULL,
     '2026-07-13T00:00:00Z', 'demo-seed', '2026-07-13T00:00:00Z', 'demo-seed', 0),
    ('11100000-0000-4000-8000-000000000006', '11200000-0000-4000-8000-000000000006',
     '10000000-0000-4000-8000-000000000001', 'http://localhost:8081/realms/cellarbridge',
     '11000000-0000-4000-8000-000000000006', 'north.warehouse', 'North Warehouse', 'ACTIVE', NULL,
     '2026-07-13T00:00:00Z', 'demo-seed', '2026-07-13T00:00:00Z', 'demo-seed', 0),
    ('11100000-0000-4000-8000-000000000007', '11200000-0000-4000-8000-000000000007',
     '10000000-0000-4000-8000-000000000001', 'http://localhost:8081/realms/cellarbridge',
     '11000000-0000-4000-8000-000000000007', 'north.operator', 'North System Operator', 'ACTIVE', NULL,
     '2026-07-13T00:00:00Z', 'demo-seed', '2026-07-13T00:00:00Z', 'demo-seed', 0),
    ('11100000-0000-4000-8000-000000000099', '11200000-0000-4000-8000-000000000099',
     '10000000-0000-4000-8000-000000000001', 'http://localhost:8081/realms/cellarbridge',
     '11000000-0000-4000-8000-000000000099', 'north.suspended', 'Suspended Demo User', 'SUSPENDED', NULL,
     '2026-07-13T00:00:00Z', 'demo-seed', '2026-07-13T00:00:00Z', 'demo-seed', 0),
    ('21100000-0000-4000-8000-000000000001', '21200000-0000-4000-8000-000000000001',
     '20000000-0000-4000-8000-000000000001', 'http://localhost:8081/realms/cellarbridge',
     '22000000-0000-4000-8000-000000000001', 'harbor.manager', 'Harbor Manager', 'ACTIVE', NULL,
     '2026-07-13T00:00:00Z', 'demo-seed', '2026-07-13T00:00:00Z', 'demo-seed', 0)
ON CONFLICT (issuer, external_subject) DO UPDATE
SET username = EXCLUDED.username,
    display_name = EXCLUDED.display_name,
    status = EXCLUDED.status,
    partner_id = EXCLUDED.partner_id,
    updated_at = EXCLUDED.updated_at,
    updated_by = EXCLUDED.updated_by,
    version = identity_access.user_mapping.version + 1;

INSERT INTO identity_access.user_mapping_role
    (tenant_id, user_mapping_id, role_code,
     created_at, created_by, updated_at, updated_by, version)
VALUES
    ('10000000-0000-4000-8000-000000000001', '11100000-0000-4000-8000-000000000001',
     'sales-representative', '2026-07-13T00:00:00Z', 'demo-seed',
     '2026-07-13T00:00:00Z', 'demo-seed', 0),
    ('10000000-0000-4000-8000-000000000001', '11100000-0000-4000-8000-000000000002',
     'customer-buyer', '2026-07-13T00:00:00Z', 'demo-seed',
     '2026-07-13T00:00:00Z', 'demo-seed', 0),
    ('10000000-0000-4000-8000-000000000001', '11100000-0000-4000-8000-000000000003',
     'sales-manager', '2026-07-13T00:00:00Z', 'demo-seed',
     '2026-07-13T00:00:00Z', 'demo-seed', 0),
    ('10000000-0000-4000-8000-000000000001', '11100000-0000-4000-8000-000000000004',
     'tenant-administrator', '2026-07-13T00:00:00Z', 'demo-seed',
     '2026-07-13T00:00:00Z', 'demo-seed', 0),
    ('10000000-0000-4000-8000-000000000001', '11100000-0000-4000-8000-000000000005',
     'trade-operator', '2026-07-13T00:00:00Z', 'demo-seed',
     '2026-07-13T00:00:00Z', 'demo-seed', 0),
    ('10000000-0000-4000-8000-000000000001', '11100000-0000-4000-8000-000000000006',
     'warehouse-operator', '2026-07-13T00:00:00Z', 'demo-seed',
     '2026-07-13T00:00:00Z', 'demo-seed', 0),
    ('10000000-0000-4000-8000-000000000001', '11100000-0000-4000-8000-000000000007',
     'system-operator', '2026-07-13T00:00:00Z', 'demo-seed',
     '2026-07-13T00:00:00Z', 'demo-seed', 0),
    ('10000000-0000-4000-8000-000000000001', '11100000-0000-4000-8000-000000000099',
     'sales-representative', '2026-07-13T00:00:00Z', 'demo-seed',
     '2026-07-13T00:00:00Z', 'demo-seed', 0),
    ('20000000-0000-4000-8000-000000000001', '21100000-0000-4000-8000-000000000001',
     'sales-manager', '2026-07-13T00:00:00Z', 'demo-seed',
     '2026-07-13T00:00:00Z', 'demo-seed', 0)
ON CONFLICT DO NOTHING;
